{
	"name": "protein",
	"icon": "minecraft:cooked_beef",
	"color": "db6c23",
	"enabled": true,
	"food": {
		"oredict": [
			"cropChestnut",
			"cropWalnut",
			"egg",
			"foodBoiledegg",
			"foodClamcooked",
			"foodClamraw",
			"foodCrabcooked",
			"foodCrabraw",
			"foodCrayfishcooked",
			"foodCrayfishraw",
			"foodEelraw",
			"foodFilledhoneycomb",
			"foodFirmtofu",
			"foodFriedegg",
			"foodFrogcooked",
			"foodFrograw",
			"foodOctopuscooked",
			"foodOctopusraw",
			"foodScallopcooked",
			"foodScallopraw",
			"foodShrimpcooked",
			"foodShrimpraw",
			"foodSilkentofu",
			"foodSnailcooked",
			"foodSnailraw",
			"foodTurtlecooked",
			"foodTurtleraw",
			"listAllfishcooked",
			"listAllfishraw",
			"listAllmeatcooked",
			"listAllmeatraw",
			"listAllnut",
			"listAllnutbutter",
			"listAllturkeycooked",
			"listAllturkeyraw",
			"listAllvenisoncooked",
			"listAllvenisonraw",
			"listAllporkcooked",
			"listAllmuttoncooked",
			"listAllchickencooked",
			"listAllporkraw",
			"listAllmuttonraw",
			"listAllchickenraw",
			"listAllbeefraw",
			"listAllbeefcooked",
			"listAllrabbitraw",
			"listAllrabbitcooked",
			"nuggetMeat",
			"portionFish",
			"portionMeat"
		],
		"items": [
			"abyssalcraft:beefp",
			"abyssalcraft:chickenp",
			"abyssalcraft:eggp",
			"abyssalcraft:fishp",
			"abyssalcraft:friedegg",
			"abyssalcraft:mre",
			"abyssalcraft:porkp",
			"actuallyadditions:item_food:0",
			"actuallyadditions:item_food:3",
			"actuallyadditions:item_food:8",
			"actuallyadditions:item_food:11",
			"actuallyadditions:item_food:13",
			"actuallyadditions:item_food:14",
			"actuallyadditions:item_food:20",
			"animalium:bear_meat",
			"animalium:bear_meat_cooked",
			"animalium:rat_meat",
			"animalium:rat_meat_cooked",
			"animania:bacon_omelette",
			"animania:cheese_omelette",
			"animania:cooked_peacock",
			"animania:cooked_prime_bacon",
			"animania:cooked_prime_peacock",
			"animania:cooked_prime_steak",
			"animania:plain_omelette",
			"animania:raw_peacock",
			"animania:raw_prime_bacon",
			"animania:raw_prime_peacock",
			"animania:super_omelette",
			"animania:truffle_omelette",
			"aoa3:candlefish",
			"aoa3:charger_shank",
			"aoa3:chimera_chop",
			"aoa3:crimson_skipper",
			"aoa3:crimson_stripefish",
			"aoa3:dark_hatchetfish",
			"aoa3:eye_candy",
			"aoa3:fiery_chops",
			"aoa3:fingerfish",
			"aoa3:furlion_chop",
			"aoa3:golden_gullfish",
			"aoa3:halycon_beef",
			"aoa3:hot_rod",
			"aoa3:ironback",
			"aoa3:limefish",
			"aoa3:pearl_stripefish",
			"aoa3:rainbowfish",
			"aoa3:raw_charger_shank",
			"aoa3:raw_chimera_chop",
			"aoa3:raw_furlion_chop",
			"aoa3:raw_halycon_beef",
			"aoa3:raw_ursa_meat",
			"aoa3:razorfish",
			"aoa3:rocketfish",
			"aoa3:sailback",
			"aoa3:sapphire_strider",
			"aoa3:turquoise_stripefish",
			"aoa3:ursa_meat",
			"aoa3:violet_skipper",
			"aquaculture:food:2",
			"aquaculture:food:3",
			"aquaculture:food:4",
			"aquaculture:food:5",
			"aquaculture:food:6",
			"aquaculture:food:7",
			"aquaculture:food:8",
			"aquaculture:food:9",
			"aquaculture:food:10",
			"arcticmobs:palesoup",
			"arcticmobs:yetimeatcooked",
			"arcticmobs:yetimeatraw",
			"beasts:butterflyfish_wing",
			"beasts:coconut_rabbit_stew",
			"beasts:cooked_crab_leg",
			"beasts:cooked_eel_chop",
			"beasts:cooked_kebab",
			"beasts:cooked_scallop_tongue",
			"beasts:cooked_shrimp",
			"beasts:crab_leg",
			"beasts:daggerfish",
			"beasts:eel_chop",
			"beasts:raw_kebab",
			"beasts:reef_mixture",
			"beasts:scallop_tongue",
			"beasts:shrimp",
			"betteranimalsplus:crab_meat_cooked",
			"betteranimalsplus:crab_meat_raw",
			"betteranimalsplus:fried_egg",
			"betterwithaddons:food_clownfish_cooked",
			"betterwithaddons:food_egg_cooked",
			"betterwithaddons:food_fugu_sac",
			"betterwithaddons:food_ground_meat",
			"betterwithaddons:food_meatballs",
			"betterwithaddons:food_pie_amanita",
			"betterwithaddons:food_pie_meat",
			"betterwithaddons:food_pie_melon",
			"betterwithaddons:food_pie_mushroom",
			"betterwithaddons:food_pufferfish_baked",
			"betterwithaddons:food_pufferfish_cooked",
			"betterwithaddons:food_pufferfish_prepared",
			"betterwithaddons:food_sashimi",
			"betterwithmods:apple_pie",
			"betterwithmods:bat_wing",
			"betterwithmods:beef_dinner",
			"betterwithmods:beef_potatoes",
			"betterwithmods:chicken_soup",
			"betterwithmods:chowder",
			"betterwithmods:cooked_bat_wing",
			"betterwithmods:cooked_egg",
			"betterwithmods:cooked_kebab",
			"betterwithmods:cooked_mystery_meat",
			"betterwithmods:cooked_omelet",
			"betterwithmods:cooked_scrambled_egg",
			"betterwithmods:cooked_wolf_chop",
			"betterwithmods:creeper_oyster",
			"betterwithmods:ham_and_eggs",
			"betterwithmods:hearty_stew",
			"betterwithmods:kibble",
			"betterwithmods:mystery_meat",
			"betterwithmods:pork_dinner",
			"betterwithmods:raw_egg",
			"betterwithmods:raw_kebab",
			"betterwithmods:raw_omelet",
			"betterwithmods:raw_scrambled_egg",
			"betterwithmods:tasty_sandwich",
			"betterwithmods:wolf_chop",
			"bewitchment:heart",
			"bewitchment:stew_of_the_grotesque",
			"chococraft:chocobo_drumstick_cooked",
			"chococraft:chocobo_drumstick_raw",
			"combustfish:cooled_cod",
			"combustfish:tempered_swordfish",
			"dcs_climate:dcs_food_bowl_stew:1",
			"dcs_climate:dcs_food_bowl_stew:12",
			"dcs_climate:dcs_food_bowl_stew:13",
			"dcs_climate:dcs_food_bowl_stew:15",
			"dcs_climate:dcs_food_bread:9",
			"dcs_climate:dcs_food_cake:8",
			"dcs_climate:dcs_food_cake:9",
			"dcs_climate:dcs_food_clubsand:0",
			"dcs_climate:dcs_food_clubsand:1",
			"dcs_climate:dcs_food_frying:0",
			"dcs_climate:dcs_food_frying:1",
			"dcs_climate:dcs_food_frying:2",
			"dcs_climate:dcs_food_icecream:0",
			"dcs_climate:dcs_food_icecream:1",
			"dcs_climate:dcs_food_noentity:0",
			"dcs_climate:dcs_food_noentity:1",
			"dcs_climate:dcs_food_noentity:2",
			"dcs_climate:dcs_food_pie:2",
			"dcs_climate:dcs_food_pie:3",
			"dcs_climate:dcs_food_pie:8",
			"dcs_climate:dcs_food_pie:9",
			"dcs_climate:dcs_food_plate_meat:0",
			"dcs_climate:dcs_food_plate_meat:1",
			"dcs_climate:dcs_food_plate_meat:2",
			"dcs_climate:dcs_food_plate_meat:3",
			"dcs_climate:dcs_food_plate_meat:4",
			"dcs_climate:dcs_food_plate_meat:5",
			"dcs_climate:dcs_food_plate_meat:6",
			"dcs_climate:dcs_food_plate_meat:7",
			"dcs_climate:dcs_food_salad:4",
			"dcs_climate:dcs_food_sandwich:1",
			"dcs_climate:dcs_food_sandwich:3",
			"dcs_climate:dcs_food_setmeal:0",
			"dcs_climate:dcs_food_snack:1",
			"dcs_climate:dcs_food_snack:4",
			"dcs_climate:dcs_food_stick:0",
			"dcs_climate:dcs_food_stick:1",
			"dcs_climate:dcs_food_stick:2",
			"dcs_climate:dcs_food_stick:3",
			"dcs_climate:dcs_food_stick:4",
			"dcs_climate:dcs_food_stick:5",
			"dcs_climate:dcs_food_stick:6",
			"dcs_climate:dcs_food_stick:7",
			"dcs_climate:dcs_food_stick:8",
			"dcs_climate:dcs_food_stick:9",
			"dcs_climate:dcs_food_stick:10",
			"dcs_climate:dcs_food_stick:11",
			"dcs_climate:dcs_food_stick:14",
			"dcs_climate:dcs_food_stick:15",
			"dcs_climate:dcs_food_tart:4",
			"dcs_climate:dcs_food_tart:5",
			"dcs_climate:dcs_food_tart:6",
			"dcs_climate:dcs_food_tart:7",
			"dcs_climate:dcs_food_wagashi:3",
			"dcs_climate:dcs_food_wagashi:5",
			"dcs_climate:dcs_food_wagashi:6",
			"defiledlands:black_heart",
			"defiledlands:book_wyrm_cooked",
			"defiledlands:book_wyrm_raw",
			"defiledlands:scuttler_eye",
			"demonmobs:devillasagna",
			"demonmobs:pinkymeatcooked",
			"demonmobs:pinkymeatraw",
			"desertmobs:ambercake",
			"desertmobs:joustmeatcooked",
			"desertmobs:joustmeatraw",
			"duckcraft:cookedduckitem",
			"duckcraft:duckbagitem",
			"duckcraft:duckbwbsitem",
			"duckcraft:duckclubsandwichitem",
			"duckcraft:duckpotpieitem",
			"duckcraft:ducksoupitem",
			"duckcraft:ducktacoitem",
			"duckcraft:rawduckitem",
			"duckcraft:rdlapitem",
			"ediblebugs:cookedBugs:0",
			"ediblebugs:cookedBugs:1",
			"ediblebugs:cookedBugs:2",
			"ediblebugs:cookedBugs:3",
			"ediblebugs:cookedBugs:4",
			"ediblebugs:cookedBugs:5",
			"ediblebugs:cookedBugs:6",
			"ediblebugs:cookedBugs:7",
			"ediblebugs:cookedBugs:8",
			"ediblebugs:cookedBugs:9",
			"ediblebugs:cookedBugs:10",
			"ediblebugs:cookedBugs:11",
			"ediblebugs:cookedBugs:12",
			"ediblebugs:cookedBugs:13",
			"ediblebugs:cookedBugs:14",
			"ediblebugs:cookedBugs:15",
			"ediblebugs:cookedBugs:16",
			"ediblebugs:dirtBugs:0",
			"ediblebugs:dirtBugs:1",
			"ediblebugs:dirtBugs:2",
			"ediblebugs:dirtBugs:3",
			"ediblebugs:grassBugs:0",
			"ediblebugs:grassBugs:1",
			"ediblebugs:grassBugs:2",
			"ediblebugs:grassBugs:3",
			"ediblebugs:sandBugs:0",
			"ediblebugs:sandBugs:1",
			"ediblebugs:sandBugs:2",
			"ediblebugs:sandBugs:3",
			"ediblebugs:termite",
			"ediblebugs:woodBugs:0",
			"ediblebugs:woodBugs:1",
			"ediblebugs:woodBugs:2",
			"ediblebugs:woodBugs:3",
			"erebus:erebus_food",
			"erebus:erebus_food:1",
			"erebus:erebus_food:2",
			"erebus:erebus_food:3",
			"erebus:erebus_food:4",
			"erebus:erebus_food:5",
			"erebus:erebus_food:9",
			"erebus:erebus_food:12",
			"erebus:erebus_food:13",
			"erebus:erebus_food:16",
			"erebus:smoothie:0",
			"erebus:smoothie:1",
			"erebus:smoothie:3",
			"erebus:smoothie:8",
			"erebus:smoothie:9",
			"erebus:stag_heart_cooked",
			"erebus:stag_heart_raw",
			"exoticbirds:birdmeat",
			"exoticbirds:cooked_birdmeat",
			"exsartagine:breadmeatraw",
			"exsartagine:pizzachicken",
			"exsartagine:pizzachickenraw",
			"exsartagine:pizzafish",
			"exsartagine:pizzafishraw",
			"exsartagine:pizzameat",
			"exsartagine:pizzameatraw",
			"familiarfauna:turkey_leg_cooked",
			"familiarfauna:turkey_leg_raw",
			"familiarfauna:venison_cooked",
			"familiarfauna:venison_raw",
			"faunaandecology:bat_stew",
			"faunaandecology:bat_stew_raw",
			"faunaandecology:beef_aurochs_raw",
			"faunaandecology:beef_mooshroom_raw",
			"faunaandecology:beef_wild_mooshroom_raw",
			"faunaandecology:bone_marrow",
			"faunaandecology:calamari",
			"faunaandecology:cooked_bat",
			"faunaandecology:cooked_bone_marrow",
			"faunaandecology:cooked_calamari",
			"faunaandecology:cooked_donkey_meat",
			"faunaandecology:cooked_horse_meat",
			"faunaandecology:cooked_llama_meat",
			"faunaandecology:cooked_zebra_meat",
			"faunaandecology:donkey_meat",
			"faunaandecology:duck_cooked",
			"faunaandecology:duck_raw",
			"faunaandecology:fried_egg",
			"faunaandecology:guanaco_meat",
			"faunaandecology:horse_meat",
			"faunaandecology:junglefowl_raw",
			"faunaandecology:llama_meat",
			"faunaandecology:mallard_raw",
			"faunaandecology:mushroom_stew_raw",
			"faunaandecology:mutton_mouflon_raw",
			"faunaandecology:porkchop_boar_raw",
			"faunaandecology:quagga_meat",
			"faunaandecology:rabbit_stew_raw",
			"faunaandecology:raw_bat",
			"faunaandecology:rind_pork",
			"faunaandecology:wild_ass_meat",
			"faunaandecology:wild_horse_meat",
			"faunaandecology:zebra_meat",
			"faunanatural:meat_cookedstingray",
			"faunanatural:meat_rawstingray",
			"foodexpansion:itembacon",
			"foodexpansion:itembaconandegg",
			"foodexpansion:itembatwing",
			"foodexpansion:itemcarrotpie",
			"foodexpansion:itemcookedbacon",
			"foodexpansion:itemcookedbatwing",
			"foodexpansion:itemcookedhorsemeat",
			"foodexpansion:itemcookedllamameat",
			"foodexpansion:itemcookedocelotmeat",
			"foodexpansion:itemcookedparrotmeat",
			"foodexpansion:itemcookedpolarbearmeat",
			"foodexpansion:itemcookedsquid",
			"foodexpansion:itemcookedwolfmeat",
			"foodexpansion:itemfriedegg",
			"foodexpansion:itemhorsemeat",
			"foodexpansion:itemllamameat",
			"foodexpansion:itemocelotmeat",
			"foodexpansion:itemparrotmeat",
			"foodexpansion:itempolarbearmeat",
			"foodexpansion:itemsquid",
			"foodexpansion:itemwolfmeat",
			"forestmobs:arisaurmeatcooked",
			"forestmobs:arisaurmeatraw",
			"forestmobs:paleosalad",
			"forestry:ambrosia",
			"forestry:honeyed_slice",
			"forestry:honey_pot",
			"fossil:cooked_chicken_soup",
			"fossil:cooked_egg",
			"fossil:raw_chicken_soup",
			"fossil:sjl",
			"freshwatermobs:lapisfishandchips",
			"gaiadimension:cooked_luggeroth_chop",
			"gaiadimension:large_calamari",
			"gaiadimension:large_tentacle",
			"gaiadimension:luggeroth_chop",
			"gaiadimension:lurmorus_meat",
			"gaiadimension:lurmorus_steak",
			"gaiadimension:small_calamari",
			"gaiadimension:small_tentacle",
			"galacticraftcore:food:5",
			"galacticraftcore:food:6",
			"galacticraftcore:food:7",
			"galacticraftcore:food:8",
			"galacticraftcore:food:9",
			"glacidus:grilled_porcali_meat",
			"glacidus:raw_porcali_meat",
			"grimoireofgaia:food_coalfish",
			"grimoireofgaia:food_meat",
			"grimoireofgaia:food_pie_meat",
			"grimoireofgaia:food_rotten_heart",
			"grimoireofgaia:food_wither",
			"grimpack:apple_pie",
			"grimpack:cheese_burger",
			"grimpack:chocolate_cake",
			"grimpack:chocolate_pie",
			"grimpack:dough",
			"grimpack:eggs_cooked",
			"grimpack:eggs_mixed",
			"grimpack:eggs_unmixed",
			"grimpack:melon_pie",
			"grimpack:pork_pie",
			"grimpack:pumpkin_pie",
			"grimpack:raw_apple_pie",
			"grimpack:raw_chocolate_pie",
			"grimpack:raw_empty_pie",
			"grimpack:raw_melon_pie",
			"grimpack:raw_pork_pie",
			"grimpack:raw_pumpkin_pie",
			"growthcraft_milk:bottlefluid_whey",
			"harvestcraft:akutuqitem",
			"harvestcraft:anchovypepperonipizzaitem",
			"harvestcraft:applejellysandwichitem",
			"harvestcraft:applesnowitem",
			"harvestcraft:apricotglazedporkitem",
			"harvestcraft:apricotjellysandwichitem",
			"harvestcraft:asparagusquicheitem",
			"harvestcraft:avocadoburritoitem",
			"harvestcraft:baconandeggsitem",
			"harvestcraft:baconcheeseburgeritem",
			"harvestcraft:baconmushroomburgeritem",
			"harvestcraft:baconpancakesitem",
			"harvestcraft:baconwrappedchiliitem",
			"harvestcraft:baconwrappeddatesitem",
			"harvestcraft:bakedalaskaitem",
			"harvestcraft:bakedbeansitem",
			"harvestcraft:bakedhamitem",
			"harvestcraft:baklavaitem",
			"harvestcraft:banananutbreaditem",
			"harvestcraft:bangersandmashitem",
			"harvestcraft:battenbergitem",
			"harvestcraft:batteredsausageitem",
			"harvestcraft:bbqchickenbiscuititem",
			"harvestcraft:bbqchickenpizzaitem",
			"harvestcraft:bbqplatteritem",
			"harvestcraft:bbqpulledporkitem",
			"harvestcraft:beansandriceitem",
			"harvestcraft:beansontoastitem",
			"harvestcraft:beefjerkyitem",
			"harvestcraft:beefwellingtonitem",
			"harvestcraft:beetburgeritem",
			"harvestcraft:bentoboxitem",
			"harvestcraft:berrymeringuenestitem",
			"harvestcraft:bibimbapitem",
			"harvestcraft:blackberryjellysandwichitem",
			"harvestcraft:blackpaellaitem",
			"harvestcraft:bltitem",
			"harvestcraft:blueberryjellysandwichitem",
			"harvestcraft:blueberrymuffinitem",
			"harvestcraft:blueberrypancakesitem",
			"harvestcraft:bolognaitem",
			"harvestcraft:bolognasandwichitem",
			"harvestcraft:bratwurstitem",
			"harvestcraft:breadedporkchopitem",
			"harvestcraft:breakfastburritoitem",
			"harvestcraft:briochebunitem",
			"harvestcraft:brownieitem",
			"harvestcraft:bulgogiitem",
			"harvestcraft:buttercookieitem",
			"harvestcraft:buttertartitem",
			"harvestcraft:calamarirawitem",
			"harvestcraft:californiarollitem",
			"harvestcraft:candiedpecansitem",
			"harvestcraft:candiedwalnutsitem",
			"harvestcraft:cantonesegreensitem",
			"harvestcraft:cantonesenoodlesitem",
			"harvestcraft:cashewchickenitem",
			"harvestcraft:cassouletitem",
			"harvestcraft:celeryandpeanutbutteritem",
			"harvestcraft:cevicheitem",
			"harvestcraft:charsiuitem",
			"harvestcraft:cheeseburgeritem",
			"harvestcraft:cheesesteakitem",
			"harvestcraft:cheesyshrimpquinoaitem",
			"harvestcraft:cherryjellysandwichitem",
			"harvestcraft:chickenandwafflesitem",
			"harvestcraft:chickenbiscuititem",
			"harvestcraft:chickencelerycasseroleitem",
			"harvestcraft:chickenchowmeinitem",
			"harvestcraft:chickencordonbleuitem",
			"harvestcraft:chickencurryitem",
			"harvestcraft:chickendinneritem",
			"harvestcraft:chickengumboitem",
			"harvestcraft:chickenkatsuitem",
			"harvestcraft:chickenpaellaitem",
			"harvestcraft:chickenparmasanitem",
			"harvestcraft:chickenpotpieitem",
			"harvestcraft:chickensandwichitem",
			"harvestcraft:chikorollitem",
			"harvestcraft:chilidogitem",
			"harvestcraft:chiliitem",
			"harvestcraft:chimichangaitem",
			"harvestcraft:chocolatebaconitem",
			"harvestcraft:chocolaterollitem",
			"harvestcraft:chorizoitem",
			"harvestcraft:clamchowderitem",
			"harvestcraft:coconutshrimpitem",
			"harvestcraft:coleslawburgeritem",
			"harvestcraft:coleslawitem",
			"harvestcraft:cookedtofeegitem",
			"harvestcraft:cookedtofenisonitem",
			"harvestcraft:cornbreaditem",
			"harvestcraft:corndogitem",
			"harvestcraft:cornedbeefbreakfastitem",
			"harvestcraft:cornedbeefhashitem",
			"harvestcraft:cornedbeefitem",
			"harvestcraft:cornishpastyitem",
			"harvestcraft:cottagepieitem",
			"harvestcraft:crabkimbapitem",
			"harvestcraft:cracklinsitem",
			"harvestcraft:cranberryjellysandwichitem",
			"harvestcraft:crawfishetoufeeitem",
			"harvestcraft:crayfishsaladitem",
			"harvestcraft:creepercookieitem",
			"harvestcraft:creeperwingsitem",
			"harvestcraft:croissantitem",
			"harvestcraft:custarditem",
			"harvestcraft:datenutbreaditem",
			"harvestcraft:delightedmealitem",
			"harvestcraft:deluxecheeseburgeritem",
			"harvestcraft:deluxechickencurryitem",
			"harvestcraft:deluxenachoesitem",
			"harvestcraft:deviledeggitem",
			"harvestcraft:dimsumitem",
			"harvestcraft:durianmuffinitem",
			"harvestcraft:eggnogitem",
			"harvestcraft:eggrollitem",
			"harvestcraft:eggsaladitem",
			"harvestcraft:eggsbenedictitem",
			"harvestcraft:eggtartitem",
			"harvestcraft:enchiladaitem",
			"harvestcraft:epicbaconitem",
			"harvestcraft:epicbltitem",
			"harvestcraft:escargotitem",
			"harvestcraft:etonmessitem",
			"harvestcraft:extremechiliitem",
			"harvestcraft:figjellysandwichitem",
			"harvestcraft:fishandchipsitem",
			"harvestcraft:fishdinneritem",
			"harvestcraft:fishlettucewrapitem",
			"harvestcraft:fishsandwichitem",
			"harvestcraft:fishsticksitem",
			"harvestcraft:fishtacoitem",
			"harvestcraft:footlongitem",
			"harvestcraft:frenchtoastitem",
			"harvestcraft:friedbolognasandwichitem",
			"harvestcraft:friedchickenitem",
			"harvestcraft:friedfeastitem",
			"harvestcraft:friedgreentomatoesitem",
			"harvestcraft:friedpecanokraitem",
			"harvestcraft:friedriceitem",
			"harvestcraft:froglegstirfryitem",
			"harvestcraft:futomakiitem",
			"harvestcraft:garlicchickenitem",
			"harvestcraft:garlicsteakitem",
			"harvestcraft:generaltsochickenitem",
			"harvestcraft:gingerbreaditem",
			"harvestcraft:gingerchickenitem",
			"harvestcraft:gingeredrhubarbtartitem",
			"harvestcraft:gooseberryjellysandwichitem",
			"harvestcraft:gourmetbeefburgeritem",
			"harvestcraft:gourmetbeefpattyitem",
			"harvestcraft:gourmetmuttonburgeritem",
			"harvestcraft:gourmetmuttonpattyitem",
			"harvestcraft:gourmetporkburgeritem",
			"harvestcraft:gourmetporkpattyitem",
			"harvestcraft:gourmetvenisonburgeritem",
			"harvestcraft:gourmetvenisonpattyitem",
			"harvestcraft:grapefruitjellysandwichitem",
			"harvestcraft:gravlaxitem",
			"harvestcraft:greeneggsandhamitem",
			"harvestcraft:guisoitem",
			"harvestcraft:gumboitem",
			"harvestcraft:gyudonitem",
			"harvestcraft:hamandcheesesandwichitem",
			"harvestcraft:hamandpineapplepizzaitem",
			"harvestcraft:hamburgeritem",
			"harvestcraft:hamsweetpicklesandwichitem",
			"harvestcraft:hashitem",
			"harvestcraft:hazelnutitem",
			"harvestcraft:heartybreakfastitem",
			"harvestcraft:holidaycake",
			"harvestcraft:holidaycakeitem",
			"harvestcraft:honeybunitem",
			"harvestcraft:honeyglazedhamitem",
			"harvestcraft:honeyitem",
			"harvestcraft:honeylemonlambitem",
			"harvestcraft:honeysandwichitem",
			"harvestcraft:honeysoyribsitem",
			"harvestcraft:hotandsoursoupitem",
			"harvestcraft:hotdishcasseroleitem",
			"harvestcraft:hotdogitem",
			"harvestcraft:hotwingsitem",
			"harvestcraft:hushpuppiesitem",
			"harvestcraft:imitationcrabsticksitem",
			"harvestcraft:jaffaitem",
			"harvestcraft:jambalayaitem",
			"harvestcraft:jelliedeelitem",
			"harvestcraft:jellyfishrawitem",
			"harvestcraft:kiwijellysandwichitem",
			"harvestcraft:kohlundpinkelitem",
			"harvestcraft:koreandinneritem",
			"harvestcraft:kungpaochickenitem",
			"harvestcraft:lambbarleysoupitem",
			"harvestcraft:lambkebabitem",
			"harvestcraft:lambwithmintsauceitem",
			"harvestcraft:leafychickensandwichitem",
			"harvestcraft:leafyfishsandwichitem",
			"harvestcraft:leekbaconsoupitem",
			"harvestcraft:lemonchickenitem",
			"harvestcraft:lemondrizzlecakeitem",
			"harvestcraft:lemonjellysandwichitem",
			"harvestcraft:limejellysandwichitem",
			"harvestcraft:liverandonionsitem",
			"harvestcraft:loadedbakedpotatoitem",
			"harvestcraft:mangojellysandwichitem",
			"harvestcraft:maplecandiedbaconitem",
			"harvestcraft:maplesausageitem",
			"harvestcraft:maplesyruppancakesitem",
			"harvestcraft:maplesyrupwafflesitem",
			"harvestcraft:marzipanitem",
			"harvestcraft:mashedpotatoeschickenbiscuititem",
			"harvestcraft:mcpamitem",
			"harvestcraft:meatfeastpizzaitem",
			"harvestcraft:meatloafitem",
			"harvestcraft:meatloafsandwichitem",
			"harvestcraft:meatpieitem",
			"harvestcraft:meatystewitem",
			"harvestcraft:meatystirfryitem",
			"harvestcraft:meesuaitem",
			"harvestcraft:meringuebombeitem",
			"harvestcraft:meringuebrownieitem",
			"harvestcraft:meringuecookieitem",
			"harvestcraft:meringuerouladeitem",
			"harvestcraft:merveilleuxitem",
			"harvestcraft:mettbrotchenitem",
			"harvestcraft:mincepieitem",
			"harvestcraft:misosoupitem",
			"harvestcraft:mochicakeitem",
			"harvestcraft:monsterfrieddumplingsitem",
			"harvestcraft:montecristosandwichitem",
			"harvestcraft:mozzerellasticksitem",
			"harvestcraft:museliitem",
			"harvestcraft:mushroomketchupomeletitem",
			"harvestcraft:mushroomsteakitem",
			"harvestcraft:musselcookeditem",
			"harvestcraft:musselrawitem",
			"harvestcraft:musubiitem",
			"harvestcraft:netherstartoastitem",
			"harvestcraft:netherwingsitem",
			"harvestcraft:omeletitem",
			"harvestcraft:omuriceitem",
			"harvestcraft:onionhamburgeritem",
			"harvestcraft:orangechickenitem",
			"harvestcraft:orangeduckitem",
			"harvestcraft:orangejellysandwichitem",
			"harvestcraft:oystercookeditem",
			"harvestcraft:oysterrawitem",
			"harvestcraft:oystersauceitem",
			"harvestcraft:padthaiitem",
			"harvestcraft:pancakesitem",
			"harvestcraft:papayajellysandwichitem",
			"harvestcraft:paradiseburgeritem",
			"harvestcraft:pavlovacake",
			"harvestcraft:pavlovaitem",
			"harvestcraft:pbandjitem",
			"harvestcraft:peaandhamsoupitem",
			"harvestcraft:peachjellysandwichitem",
			"harvestcraft:peanutbutterbananasandwichitem",
			"harvestcraft:peanutbuttercookiesitem",
			"harvestcraft:peanutbuttercupcakeitem",
			"harvestcraft:peanutbuttercupitem",
			"harvestcraft:peanutsoupitem",
			"harvestcraft:pearjellysandwichitem",
			"harvestcraft:pecanpieitem",
			"harvestcraft:pekingduckitem",
			"harvestcraft:pemmicanitem",
			"harvestcraft:pepperoniitem",
			"harvestcraft:persimmonjellysandwichitem",
			"harvestcraft:pineapplehamitem",
			"harvestcraft:pineappleupsidedowncake",
			"harvestcraft:pineappleupsidedowncakeitem",
			"harvestcraft:pinkelitem",
			"harvestcraft:pistachiobakedsalmonitem",
			"harvestcraft:pistachiobutteritem",
			"harvestcraft:pistachioicecreamitem",
			"harvestcraft:pitepaltitem",
			"harvestcraft:pizzaitem",
			"harvestcraft:pizzasliceitem",
			"harvestcraft:ploughmanslunchitem",
			"harvestcraft:plumjellysandwichitem",
			"harvestcraft:pomegranatejellysandwichitem",
			"harvestcraft:porklettucewrapitem",
			"harvestcraft:porklomeinitem",
			"harvestcraft:porkrindsitem",
			"harvestcraft:porksausageitem",
			"harvestcraft:potatosaladitem",
			"harvestcraft:potatoskinsitem",
			"harvestcraft:potroastitem",
			"harvestcraft:potstickersitem",
			"harvestcraft:pralinesitem",
			"harvestcraft:pumpkinmuffinitem",
			"harvestcraft:raisincookiesitem",
			"harvestcraft:randomtacoitem",
			"harvestcraft:raspberryjellysandwichitem",
			"harvestcraft:rawtofeegitem",
			"harvestcraft:rawtofenisonitem",
			"harvestcraft:rawtofuduckitem",
			"harvestcraft:rivermudcakeitem",
			"harvestcraft:roastchickenitem",
			"harvestcraft:roastedchestnutitem",
			"harvestcraft:salisburysteakitem",
			"harvestcraft:salmononigiriitem",
			"harvestcraft:salmonpattiesitem",
			"harvestcraft:sardinesinhotsauceitem",
			"harvestcraft:saucedlambkebabitem",
			"harvestcraft:sauerbratenitem",
			"harvestcraft:sausagebeanmeltitem",
			"harvestcraft:sausageinbreaditem",
			"harvestcraft:sausageitem",
			"harvestcraft:sausagerollitem",
			"harvestcraft:schnitzelitem",
			"harvestcraft:scrambledeggitem",
			"harvestcraft:shepardspieitem",
			"harvestcraft:shrimpcocktailitem",
			"harvestcraft:shrimpokrahushpuppiesitem",
			"harvestcraft:shrimptemperaitem",
			"harvestcraft:slawdogitem",
			"harvestcraft:slimegummiesitem",
			"harvestcraft:snickersbaritem",
			"harvestcraft:southernstylebreakfastitem",
			"harvestcraft:spagettiandmeatballsitem",
			"harvestcraft:spaghettidinneritem",
			"harvestcraft:spicymustardporkitem",
			"harvestcraft:spidereyesoupitem",
			"harvestcraft:splitpeasoupitem",
			"harvestcraft:springfieldcashewchickenitem",
			"harvestcraft:springrollitem",
			"harvestcraft:starfruitjellysandwichitem",
			"harvestcraft:steakandchipsitem",
			"harvestcraft:steakfajitaitem",
			"harvestcraft:steaktartareitem",
			"harvestcraft:strawberryjellysandwichitem",
			"harvestcraft:strawberrysouffleitem",
			"harvestcraft:stuffedchilipeppersitem",
			"harvestcraft:stuffedduckitem",
			"harvestcraft:stuffedeggplantitem",
			"harvestcraft:suaderoitem",
			"harvestcraft:sugarcookieitem",
			"harvestcraft:sundayroastitem",
			"harvestcraft:sunflowerbroccolisaladitem",
			"harvestcraft:sunflowerwheatrollsitem",
			"harvestcraft:supremepizzaitem",
			"harvestcraft:surfandturfitem",
			"harvestcraft:sushiitem",
			"harvestcraft:swedishmeatballsitem",
			"harvestcraft:sweetandsourchickenitem",
			"harvestcraft:sweetandsourmeatballsitem",
			"harvestcraft:sweetpotatosouffleitem",
			"harvestcraft:szechuaneggplantitem",
			"harvestcraft:tacoitem",
			"harvestcraft:takoyakiitem",
			"harvestcraft:teriyakichickenitem",
			"harvestcraft:thankfuldinneritem",
			"harvestcraft:timpanoitem",
			"harvestcraft:tiropitaitem",
			"harvestcraft:toadintheholeitem",
			"harvestcraft:toastedwesternitem",
			"harvestcraft:tomatoherbchickenitem",
			"harvestcraft:tunafishsandwichitem",
			"harvestcraft:tunaonigiriitem",
			"harvestcraft:tunapotatoitem",
			"harvestcraft:tunasaladitem",
			"harvestcraft:turkishdelightitem",
			"harvestcraft:vanillaconchasbreaditem",
			"harvestcraft:vindalooitem",
			"harvestcraft:wafflesitem",
			"harvestcraft:walnutraisinbreaditem",
			"harvestcraft:watermelonjellysandwichitem",
			"harvestcraft:weekendpicnicitem",
			"harvestcraft:yorkshirepuddingitem",
			"harvestcraft:zombiejerkyitem",
			"harvestcraft:zucchinibreaditem",
			"harvestcraft:zucchinifriesitem",
			"iceandfire:fire_dragon_flesh",
			"iceandfire:ice_dragon_flesh",
			"infernomobs:searingtaco",
			"junglemobs:concapedemeatcooked",
			"junglemobs:concapedemeatraw",
			"junglemobs:tropicalcurry",
			"jurassicraft:chilean_sea_bass",
			"jurassicraft:dinosaur_meat",
			"jurassicraft:dinosaur_meat:1",
			"jurassicraft:dinosaur_meat:2",
			"jurassicraft:dinosaur_meat:3",
			"jurassicraft:dinosaur_meat:4",
			"jurassicraft:dinosaur_meat:7",
			"jurassicraft:dinosaur_meat:9",
			"jurassicraft:dinosaur_meat:13",
			"jurassicraft:dinosaur_meat:19",
			"jurassicraft:dinosaur_meat:20",
			"jurassicraft:dinosaur_steak",
			"jurassicraft:dinosaur_steak:1",
			"jurassicraft:dinosaur_steak:2",
			"jurassicraft:dinosaur_steak:3",
			"jurassicraft:dinosaur_steak:4",
			"jurassicraft:dinosaur_steak:7",
			"jurassicraft:dinosaur_steak:9",
			"jurassicraft:dinosaur_steak:13",
			"jurassicraft:dinosaur_steak:19",
			"jurassicraft:dinosaur_steak:20",
			"jurassicraft:goat_cooked",
			"jurassicraft:goat_raw",
			"lycanitesmobs:amber_cake",
			"lycanitesmobs:battle_burrito",
			"lycanitesmobs:blood_chili",
			"lycanitesmobs:bulwark_burger",
			"lycanitesmobs:caecilian_ramen",
			"lycanitesmobs:devil_lasagna",
			"lycanitesmobs:explorers_risotto",
			"lycanitesmobs:lapis_fish_and_chips",
			"lycanitesmobs:moss_pie",
			"lycanitesmobs:pale_soup",
			"lycanitesmobs:peaks_kebab",
			"lycanitesmobs:searing_taco",
			"lycanitesmobs:seashell_maki",
			"lycanitesmobs:tropical_curry",
			"midnight:cook_hunter_wing",
			"midnight:cook_stag_flank",
			"midnight:cook_stinger_egg",
			"midnight:deceitful_snapper",
			"midnight:hunter_wing",
			"midnight:raw_stag_flank",
			"minecraft:beef",
			"minecraft:cake",
			"minecraft:chicken",
			"minecraft:cooked_beef",
			"minecraft:cooked_chicken",
			"minecraft:cooked_fish:0",
			"minecraft:cooked_fish:1",
			"minecraft:cooked_mutton",
			"minecraft:cooked_porkchop",
			"minecraft:cooked_rabbit",
			"minecraft:fish:0",
			"minecraft:fish:1",
			"minecraft:fish:2",
			"minecraft:fish:3",
			"minecraft:golden_apple:1",
			"minecraft:mutton",
			"minecraft:porkchop",
			"minecraft:pumpkin_pie",
			"minecraft:rabbit",
			"minecraft:rabbit_stew",
			"mob_mash:cooked_crocoduck",
			"mob_mash:raw_crocoduck",
			"mocreatures:crabcooked",
			"mocreatures:crabraw",
			"mocreatures:omelet",
			"mocreatures:ostrichcooked",
			"mocreatures:ostrichraw",
			"mocreatures:ratburger",
			"mocreatures:ratcooked",
			"mocreatures:ratraw",
			"mocreatures:turkeycooked",
			"mocreatures:turkeyraw",
			"mocreatures:turtleraw",
			"mocreatures:turtlesoup",
			"mountainmobs:peakskebab",
			"mountainmobs:yalemeatcooked",
			"mountainmobs:yalemeatraw",
			"mysticalworld:cooked_venison",
			"mysticalworld:epic_squid",
			"mysticalworld:venison",
			"natura:edibles:0",
			"natura:edibles:1",
			"netherex:ghast_meat_cooked",
			"netherex:ghast_meat_raw",
			"pizzacraft:slice_0",
			"pizzacraft:slice_1",
			"pizzacraft:slice_2",
			"pizzacraft:slice_3",
			"pizzacraft:slice_4",
			"pizzacraft:slice_5",
			"pizzacraft:slice_6",
			"pizzacraft:slice_7",
			"pizzacraft:slice_8",
			"pizzacraft:slice_9",
			"pizzacraft:slice_10",
			"plainsmobs:bulwarkburger",
			"plainsmobs:makameatcooked",
			"plainsmobs:makameatraw",
			"pmp:food_cotof",
			"pmp:food_cotom",
			"pmp:food_pbcoo",
			"pmp:food_sandf",
			"pmp:food_sandm",
			"pmp:food_sandp",
			"pmp:food_stpeo",
			"pmp:food_stper",
			"pmp:food_stpey",
			"pmp:food_tofu",
			"pmp:food_trmix",
			"pmp:food_wrcof",
			"pmp:food_wrcom",
			"pmp:food_wrcor",
			"pmp:food_wrswf",
			"pmp:food_wrswm",
			"pmp:food_wrswr",
			"pmp:nut_almon",
			"pmp:nut_brazi",
			"pmp:nut_butte",
			"pmp:nut_candl",
			"pmp:nut_cashe",
			"pmp:nut_gabon",
			"pmp:nut_hazel",
			"pmp:nut_macad",
			"pmp:nut_maya",
			"pmp:nut_pecan",
			"pmp:nut_pista",
			"pmp:seedf_lenti",
			"pmp:seedf_peanu",
			"pmp:seedf_quino",
			"pmp:seedf_soybe",
			"pmp:soup_lenti",
			"pmp:soup_quino",
			"primal:bat_meat_cured",
			"primal:bat_meat_dried",
			"primal:bat_meat_rotten",
			"primal:bat_meat_salted",
			"primal:bear_meat_cooked",
			"primal:bear_meat_dried",
			"primal:bear_meat_raw",
			"primal:bear_meat_rotten",
			"primal:bear_meat_salted",
			"primal:chum",
			"primal:fish_clown_cooked",
			"primal:fish_clown_cured",
			"primal:fish_clown_dried",
			"primal:fish_clown_rotten",
			"primal:fish_clown_salted",
			"primal:fish_cod_cured",
			"primal:fish_cod_dried",
			"primal:fish_cod_rotten",
			"primal:fish_cod_salted",
			"primal:fish_lava_crawdad_cured",
			"primal:fish_lava_crawdad_dried",
			"primal:fish_lava_crawdad_rotten",
			"primal:fish_lava_crawdad_salted",
			"primal:fish_lava_worm_cured",
			"primal:fish_lava_worm_dried",
			"primal:fish_lava_worm_raw",
			"primal:fish_lava_worm_rotten",
			"primal:fish_lava_worm_salted",
			"primal:fish_puffer_cooked",
			"primal:fish_puffer_cured",
			"primal:fish_puffer_dried",
			"primal:fish_puffer_rotten",
			"primal:fish_puffer_salted",
			"primal:fish_salmon_cured",
			"primal:fish_salmon_dried",
			"primal:fish_salmon_rotten",
			"primal:fish_salmon_salted",
			"primal:gator_meat_cooked",
			"primal:gator_meat_cured",
			"primal:gator_meat_raw",
			"primal:gator_meat_rotten",
			"primal:gator_meat_salted",
			"primal:horse_meat_cooked",
			"primal:horse_meat_cured",
			"primal:horse_meat_dried",
			"primal:horse_meat_raw",
			"primal:horse_meat_rotten",
			"primal:horse_meat_salted",
			"primal:llama_meat_charqui",
			"primal:llama_meat_cooked",
			"primal:llama_meat_raw",
			"primal:llama_meat_rotten",
			"primal:llama_meat_salted",
			"primal:ovis_meat_cooked",
			"primal:ovis_meat_cured",
			"primal:ovis_meat_dried",
			"primal:ovis_meat_raw",
			"primal:ovis_meat_rotten",
			"primal:ovis_meat_salted",
			"primal:pigman_meat_cooked",
			"primal:pigman_meat_cured",
			"primal:pigman_meat_dried",
			"primal:pigman_meat_raw",
			"primal:pigman_meat_rotten",
			"primal:pigman_meat_salted",
			"primal:shark_meat_cooked",
			"primal:shark_meat_cured",
			"primal:shark_meat_dried",
			"primal:shark_meat_raw",
			"primal:shark_meat_rotten",
			"primal:shark_meat_salted",
			"primal:wolf_meat_cooked",
			"primal:wolf_meat_cured",
			"primal:wolf_meat_dried",
			"primal:wolf_meat_raw",
			"primal:wolf_meat_rotten",
			"primal:wolf_meat_salted",
			"primitivemobs:cooked_dodo",
			"primitivemobs:dodo",
			"pvj:clam",
			"pvj:clam_chowder",
			"pvj:cooked_duck",
			"pvj:cooked_squid",
			"pvj:mystical_beef",
			"pvj:mystical_chicken",
			"pvj:mystical_cod",
			"pvj:mystical_mutton",
			"pvj:mystical_porkchop",
			"pvj:mystical_rabbit",
			"pvj:mystical_salmon",
			"pvj:raw_duck",
			"pvj:raw_squid",
			"pvj:steamed_clam_meat",
			"pyrotech:egg_roasted",
			"quark:cooked_crab_leg",
			"quark:cooked_frog_leg",
			"quark:crab_leg",
			"quark:frog_leg",
			"quark:golden_frog_leg",
			"rats:rat_burger",
			"realworld:food_cotof",
			"realworld:food_cotom",
			"realworld:food_pbcoo",
			"realworld:food_sandf",
			"realworld:food_sandm",
			"realworld:food_sandp",
			"realworld:food_stpeo",
			"realworld:food_stper",
			"realworld:food_stpey",
			"realworld:food_tofu",
			"realworld:food_trmix",
			"realworld:food_wrcof",
			"realworld:food_wrcom",
			"realworld:food_wrcor",
			"realworld:food_wrswf",
			"realworld:food_wrswm",
			"realworld:food_wrswr",
			"realworld:nut_almon",
			"realworld:nut_brazi",
			"realworld:nut_butte",
			"realworld:nut_candl",
			"realworld:nut_cashe",
			"realworld:nut_gabon",
			"realworld:nut_hazel",
			"realworld:nut_macad",
			"realworld:nut_maya",
			"realworld:nut_pecan",
			"realworld:nut_pista",
			"realworld:seedf_lenti",
			"realworld:seedf_peanu",
			"realworld:seedf_quino",
			"realworld:seedf_soybe",
			"realworld:soup_lenti",
			"realworld:soup_quino",
			"reptilemod:croc_cooked",
			"reptilemod:croc_raw",
			"reptilemod:megalania_cooked",
			"reptilemod:megalania_raw",
			"reptilemod:reptile_cooked",
			"reptilemod:reptile_raw",
			"reptilemod:turtle_cooked",
			"reptilemod:turtle_raw",
			"rockhounding_surface:mesquite_fruit",
			"rockhounding_surface:sourberry_pie",
			"rockhounding_surface:truffle_omelette",
			"saltmod:apple_pie",
			"saltmod:carrot_pie",
			"saltmod:corned_beef",
			"saltmod:escargot",
			"saltmod:fish_pie",
			"saltmod:fish_salmon_pie",
			"saltmod:fish_salmon_soup",
			"saltmod:fish_soup",
			"saltmod:hufc",
			"saltmod:muffin",
			"saltmod:mushroom_pie",
			"saltmod:onion_pie",
			"saltmod:potato_pie",
			"saltmod:saltwort_beef",
			"saltmod:saltwort_mutton",
			"saltmod:saltwort_pie",
			"saltmod:saltwort_porkchop",
			"saltmod:salt_beef_cooked",
			"saltmod:salt_chicken_cooked",
			"saltmod:salt_egg",
			"saltmod:salt_fish_clownfish",
			"saltmod:salt_fish_cod",
			"saltmod:salt_fish_cod_cooked",
			"saltmod:salt_fish_salmon",
			"saltmod:salt_fish_salmon_cooked",
			"saltmod:salt_fish_salmon_soup",
			"saltmod:salt_fish_soup",
			"saltmod:salt_hufc",
			"saltmod:salt_mutton_cooked",
			"saltmod:salt_porkchop_cooked",
			"saltmod:salt_rabbit_cooked",
			"saltmod:salt_rabbit_stew",
			"saltmod:tf_saltwort_meef_steak",
			"saltmod:tf_saltwort_venison",
			"saltmod:tf_salt_hydra_chop",
			"saltmod:tf_salt_meef_steak",
			"saltmod:tf_salt_meef_stroganoff",
			"saltmod:tf_salt_venison_cooked",
			"saltwatermobs:seashellmaki",
			"shadowmobs:bloodchili",
			"shadowmobs:chupacabrameatcooked",
			"shadowmobs:chupacabrameatraw",
			"simplecorn:chickencornchowder",
			"skyes_bakery:macaron",
			"skyes_bakery:rawtaiyaki",
			"skyes_bakery:taiyaki",
			"skyes_bakery:waffle",
			"swampmobs:aspidmeatcooked",
			"swampmobs:aspidmeatraw",
			"swampmobs:mosspie",
			"tconstruct:edible:0",
			"tconstruct:edible:3",
			"tconstruct:edible:10",
			"tconstruct:edible:11",
			"tconstruct:edible:12",
			"tconstruct:edible:13",
			"tconstruct:edible:14",
			"tconstruct:edible:15",
			"tconstruct:edible:20",
			"tconstruct:edible:21",
			"tconstruct:edible:22",
			"tconstruct:edible:23",
			"tconstruct:edible:33",
			"teastory:chicken_rice",
			"teastory:porkchop_rice",
			"teastory:rabbit_rice",
			"teastory:steak_rice",
			"teastory:tea_egg",
			"thaumcraft:brain",
			"thaumcraft:chunk:0",
			"thaumcraft:chunk:1",
			"thaumcraft:chunk:2",
			"thaumcraft:chunk:3",
			"thaumcraft:chunk:4",
			"thaumcraft:chunk:5",
			"thaumcraft:triple_meat_treat",
			"thebetweenlands:angler_meat_cooked",
			"thebetweenlands:angler_meat_raw",
			"thebetweenlands:chiromaw_wing",
			"thebetweenlands:crab_stick",
			"thebetweenlands:frog_legs_cooked",
			"thebetweenlands:frog_legs_raw",
			"thebetweenlands:kraken_calamari",
			"thebetweenlands:kraken_tentacle",
			"thebetweenlands:mire_scramble",
			"thebetweenlands:mire_snail_egg",
			"thebetweenlands:mire_snail_egg_cooked",
			"thebetweenlands:silt_crab_claw",
			"thebetweenlands:snail_flesh_cooked",
			"thebetweenlands:snail_flesh_raw",
			"thebetweenlands:sushi",
			"thebetweenlands:wight_heart",
			"tp:bacon_eggs",
			"tp:bacon_eggs_sandwhich",
			"tp:bacon_sandwhich",
			"tp:beef_sandwhich",
			"tp:chicken_sandwhich",
			"tp:cooked_bacon",
			"tp:fried_egg",
			"tp:monster_jerky",
			"tp:rabbit_sandwhich",
			"tp:raw_bacon",
			"tropicraft:cooked_fish",
			"tropicraft:cooked_frog_leg",
			"tropicraft:cooked_river_fish",
			"tropicraft:fresh_marlin",
			"tropicraft:raw_fish",
			"tropicraft:raw_river_fish",
			"tropicraft:ray_cooked",
			"tropicraft:seared_marlin",
			"tropicraft:sea_urchin_roe",
			"tt:apple_ice_cream_taco",
			"tt:chocolate_ice_cream_taco",
			"tt:coal_taco",
			"tt:cookie_ice_cream_taco",
			"tt:diamond_taco",
			"tt:emerald_taco",
			"tt:hard_beef_taco",
			"tt:hard_chicken_taco",
			"tt:hard_coal_taco",
			"tt:hard_diamond_taco",
			"tt:hard_emerald_taco",
			"tt:hard_fish_taco",
			"tt:hard_iron_taco",
			"tt:hard_lapis_taco",
			"tt:hard_mutton_taco",
			"tt:hard_pork_taco",
			"tt:hard_quartz_taco",
			"tt:hard_rabbit_taco",
			"tt:hard_redstone_taco",
			"tt:hard_taco_taco",
			"tt:iron_taco",
			"tt:lapis_taco",
			"tt:op_hard_taco",
			"tt:op_soft_taco",
			"tt:plain_ice_cream_taco",
			"tt:pumpkin_ice_cream_taco",
			"tt:quartz_taco",
			"tt:redstone_taco",
			"tt:secret_spice",
			"tt:secret_taco_soup",
			"tt:soft_beef_taco",
			"tt:soft_chicken_taco",
			"tt:soft_fish_taco",
			"tt:soft_mutton_taco",
			"tt:soft_pork_taco",
			"tt:soft_rabbit_taco",
			"tt:super_op_taco",
			"tt:taco_taco",
			"tt:waffle_tortilla",
			"tt:watermelon_ice_cream_taco",
			"twilightforest:cooked_meef",
			"twilightforest:cooked_venison",
			"twilightforest:experiment_115",
			"twilightforest:hydra_chop",
			"twilightforest:meef_stroganoff",
			"twilightforest:raw_meef",
			"twilightforest:raw_venison",
			"vanillafoodpantry:bat_burger",
			"vanillafoodpantry:bat_cheeseburger",
			"vanillafoodpantry:bat_cooked",
			"vanillafoodpantry:bat_raw",
			"vanillafoodpantry:bear_cooked",
			"vanillafoodpantry:bear_raw",
			"vanillafoodpantry:bear_raw_charred",
			"vanillafoodpantry:bear_raw_prepped",
			"vanillafoodpantry:breads:405",
			"vanillafoodpantry:bread_pocket:0",
			"vanillafoodpantry:bread_pocket:1",
			"vanillafoodpantry:bread_pocket:2",
			"vanillafoodpantry:bread_pocket:3",
			"vanillafoodpantry:bread_pocket:4",
			"vanillafoodpantry:bread_pocket:6",
			"vanillafoodpantry:cake_slice",
			"vanillafoodpantry:carrot_burger",
			"vanillafoodpantry:cod_salted",
			"vanillafoodpantry:cooked_salt_pork",
			"vanillafoodpantry:dough_ball:7",
			"vanillafoodpantry:dough_ball:9",
			"vanillafoodpantry:earthworms_purged",
			"vanillafoodpantry:egg_pie",
			"vanillafoodpantry:egg_pie:1",
			"vanillafoodpantry:egg_pie:3",
			"vanillafoodpantry:egg_pie:5",
			"vanillafoodpantry:egg_pie:7",
			"vanillafoodpantry:fish_chowder",
			"vanillafoodpantry:fish_pie",
			"vanillafoodpantry:fried_egg",
			"vanillafoodpantry:fried_eggwhite",
			"vanillafoodpantry:fried_egg_and_tatoes",
			"vanillafoodpantry:fried_egg_sandwich",
			"vanillafoodpantry:guardian_meat",
			"vanillafoodpantry:guardian_meat_raw",
			"vanillafoodpantry:ham_egg_sandwich",
			"vanillafoodpantry:ham_hocks_stew",
			"vanillafoodpantry:horse_cooked",
			"vanillafoodpantry:horse_raw",
			"vanillafoodpantry:jerky",
			"vanillafoodpantry:kebab:0",
			"vanillafoodpantry:kebab:1",
			"vanillafoodpantry:kebab:2",
			"vanillafoodpantry:kebab:3",
			"vanillafoodpantry:kebab:4",
			"vanillafoodpantry:kebab:5",
			"vanillafoodpantry:kebab:10",
			"vanillafoodpantry:kebab:11",
			"vanillafoodpantry:kebab:12",
			"vanillafoodpantry:kebab:13",
			"vanillafoodpantry:llama_cooked",
			"vanillafoodpantry:llama_raw",
			"vanillafoodpantry:muffins:402",
			"vanillafoodpantry:muffins:404",
			"vanillafoodpantry:muffins:406",
			"vanillafoodpantry:muscle_egg",
			"vanillafoodpantry:nuggets",
			"vanillafoodpantry:nuggets:12",
			"vanillafoodpantry:nuggets:13",
			"vanillafoodpantry:nuggets:17",
			"vanillafoodpantry:nuggets:24",
			"vanillafoodpantry:nuggets:25",
			"vanillafoodpantry:nuggets:26",
			"vanillafoodpantry:nuggets:27",
			"vanillafoodpantry:nuggets:29",
			"vanillafoodpantry:nuggets:36",
			"vanillafoodpantry:nuggets:37",
			"vanillafoodpantry:nuggets:38",
			"vanillafoodpantry:nuggets:39",
			"vanillafoodpantry:nuggets:41",
			"vanillafoodpantry:nuggets:72",
			"vanillafoodpantry:nuggets:73",
			"vanillafoodpantry:nuggets:77",
			"vanillafoodpantry:pork_meat_product:0",
			"vanillafoodpantry:pork_meat_product:1",
			"vanillafoodpantry:pork_meat_product:2",
			"vanillafoodpantry:pork_meat_product:3",
			"vanillafoodpantry:pork_meat_product:4",
			"vanillafoodpantry:pork_meat_product:5",
			"vanillafoodpantry:pork_meat_product:6",
			"vanillafoodpantry:portion_ham",
			"vanillafoodpantry:portion_jerky",
			"vanillafoodpantry:potato_chowder",
			"vanillafoodpantry:salt_pork",
			"vanillafoodpantry:sandwich:0",
			"vanillafoodpantry:sandwich:1",
			"vanillafoodpantry:sandwich:3",
			"vanillafoodpantry:sandwich:4",
			"vanillafoodpantry:sanitized_flesh:0",
			"vanillafoodpantry:sanitized_flesh:1",
			"vanillafoodpantry:sanitized_flesh:2",
			"vanillafoodpantry:sausage:0",
			"vanillafoodpantry:sausage:1",
			"vanillafoodpantry:sausage:2",
			"vanillafoodpantry:squidd_cooked",
			"vanillafoodpantry:squidd_on_a_stick",
			"vanillafoodpantry:squidd_raw",
			"vanillafoodpantry:steamed_egg",
			"vanillafoodpantry:stewed:0",
			"vanillafoodpantry:stewed:1",
			"vanillafoodpantry:stewed:5",
			"vanillafoodpantry:stewed:6",
			"vanillafoodpantry:stewed:15",
			"vanillafoodpantry:stewed:30",
			"vanillafoodpantry:stewed:31",
			"vanillafoodpantry:stewed:40",
			"vanillafoodpantry:stewed:45",
			"vanillafoodpantry:stewed:55",
			"vanillafoodpantry:tatoes:4",
			"vanillafoodpantry:tatoes:6",
			"vanillafoodpantry:tatoes:7",
			"vanillafoodpantry:tatoes:8",
			"vanillafoodpantry:tatoes:9",
			"vanillafoodpantry:wolf_cooked",
			"vanillafoodpantry:wolf_raw",
			"vanillafoodpantry:wrapped_egg",
			"xlfoodmod:bacon",
			"xlfoodmod:bacon_pie",
			"xlfoodmod:beef_jerky",
			"xlfoodmod:beef_stew",
			"xlfoodmod:blt_sandwich",
			"xlfoodmod:breakfast_sandwich",
			"xlfoodmod:bucket_of_fried_chicken",
			"xlfoodmod:burrito",
			"xlfoodmod:caesar_salad",
			"xlfoodmod:cheeseburger",
			"xlfoodmod:cheese_cake",
			"xlfoodmod:chickenburger",
			"xlfoodmod:chicken_pot_pie",
			"xlfoodmod:chicken_salad",
			"xlfoodmod:chicken_sandwich",
			"xlfoodmod:chicken_soup",
			"xlfoodmod:chocolate_cake",
			"xlfoodmod:cooked_chicken_wing",
			"xlfoodmod:enchilada",
			"xlfoodmod:fish_pie",
			"xlfoodmod:flesh",
			"xlfoodmod:fried_egg",
			"xlfoodmod:ground_beef",
			"xlfoodmod:ham",
			"xlfoodmod:hamburger",
			"xlfoodmod:hot_dog",
			"xlfoodmod:jambon_beurre",
			"xlfoodmod:kebab",
			"xlfoodmod:lasagne",
			"xlfoodmod:nether_cake",
			"xlfoodmod:oreo_cake",
			"xlfoodmod:pumpkin_cake",
			"xlfoodmod:pumpkin_stew",
			"xlfoodmod:raw_chicken_wing",
			"xlfoodmod:sausage",
			"xlfoodmod:sausage_roll",
			"xlfoodmod:spaghetti",
			"xlfoodmod:spicy_chicken_wing",
			"xlfoodmod:strawberry_cake",
			"xlfoodmod:taco",
			"xlfoodmod:taco_salad",
			"zawa:bird_meat",
			"zawa:bird_meat_cooked",
			"zawa:bush_meat_cooked",
			"zawa:bush_meat_raw",
			"zawa:carnivore_meat_cooked",
			"zawa:carnivore_meat_raw",
			"zawa:cetacean_meat_cooked",
			"zawa:cetacean_meat_raw",
			"zawa:cooked_frog_leg",
			"zawa:large_meat_cooked",
			"zawa:large_meat_raw",
			"zawa:rat_cooked",
			"zawa:rat_raw",
			"zawa:raw_frog_leg",
			"zawa:reptile_meat_cooked",
			"zawa:reptile_meat_raw"
		]
	}
}
