{
	"landScheme": VANILLA,
	"tempScheme": MEDIUM_ZONES,
	"rainScheme": MEDIUM_ZONES,
	"biomeSize": MEDIUM,
	"amplitude": 1.000,
	"generateBopOre": false,
	"generateBopSoils": true,
	"generateBopTrees": true,
	"generateBopGrasses": true,
	"generateBopFoliage": true,
	"generateBopFlowers": true,
	"generateBopPlants": true,
	"generateBopWaterPlants": true,
	"generateBopMushrooms": true,
	"generateRockFormations": true,
	"generatePoisonIvy": true,
	"generateFlax": true,
	"generateBerryBushes": true,
	"generateThorns": true,
	"generateQuicksand": true,
	"generateLiquidPoison": true,
	"generateHotSprings": true,
	"generateNetherHives": true,
	"generateNetherPlants": true,
	"generateEndFeatures": true
}
