{
	"name" : "demo:loot_all",
	"loot_rules" : [
		{
			"level" : [0, 1, 2, 3, 4],
			"type" : "FOOD",
			"loot" : [
				{"data" : {"name" : "minecraft:cookie", "min" : 2, "max" : 8}, "weight" : 1},
				{"data" : {"name" : "minecraft:bread", "min" : 1, "max" : 3}, "weight" : 5},
				{"data" : {"name" : "minecraft:apple"}, "weight" : 1},
				{"data" : {"name" : "minecraft:cooked_porkchop"}, "weight" : 2},
				{"data" : {"name" : "minecraft:cooked_chicken"}, "weight" : 2},
				{"data" : {"name" : "minecraft:cooked_beef"}, "weight" : 2},
				{"data" : {"name" : "minecraft:cooked_rabbit"}, "weight" : 1},
				{"data" : {"name" : "minecraft:cooked_fish"}, "weight" : 1},
				{"data" : {"name" : "minecraft:baked_potato"}, "weight" : 1},
				{"data" : {"name" : "minecraft:rabbit_stew"}, "weight" : 1},
				{"data" : {"name" : "minecraft:mushroom_stew"}, "weight" : 1}
			],
			"each" : true,
			"quantity" : 3
		},
		{
			"level" : [0, 1, 2, 3, 4],
			"type" : "POTIONS",
			"loot" : [
				{"data" : {"type" : "potion", "name" : "strength"}, "weight" : 1},
				{"data" : {"type" : "potion", "name" : "regeneration"}, "weight" : 1},
				{"data" : {"type" : "potion", "name" : "leaping"}, "weight" : 1},
				{"data" : {"type" : "potion", "name" : "night_vision"}, "weight" : 1},
				{"data" : {"type" : "potion", "name" : "fire_resistance"}, "weight" : 1},
				{"data" : {"type" : "potion", "name" : "swiftness"}, "weight" : 1},
				{"data" : {"type" : "potion", "name" : "healing"}, "weight" : 1}

			],
			"each" : true,
			"quantity" : 4
		},
		{
			"level" : [0, 1, 2, 3, 4],
			"type" : "MUSIC",
			"loot" : [
				{"data" : {"name" : "minecraft:record_cat"}, "weight" : 1}
			],
			"each" : true,
			"quantity" : 1
		},
		{
			"level" : [0, 1, 2, 3, 4],
			"type" : "SUPPLIES",
			"loot" : [
				{"data" : {"name" : "minecraft:wheat_seeds"}, "weight" : 1},
				{"data" : {"name" : "minecraft:wooden_hoe"}, "weight" : 1},
				{"data" : {"name" : "minecraft:pumpkin_seeds"}, "weight" : 1},
				{"data" : {"name" : "minecraft:melon_seeds"}, "weight" : 1},
				{"data" : {"name" : "minecraft:lead"}, "weight" : 1},
				{"data" : {"name" : "minecraft:wheat"}, "weight" : 1},
				{"data" : {"name" : "minecraft:beetroot_seeds"}, "weight" : 1},
				{"data" : {"name" : "minecraft:sapling"}, "weight" : 1},
				{"data" : {"name" : "minecraft:torch", "min" : 5, "max" : 20}, "weight" : 3},
				{"data" : {"name" : "megaloot:shard_common", "min" : 2, "max" : 3}, "weight" : 3},
				{"data" : {"name" : "megaloot:shard_rare", "min" : 1, "max" : 4}, "weight" : 3},
				{"data" : {"name" : "megaloot:shard_epic", "min" : 1, "max" : 2}, "weight" : 3}
			],
			"each" : true,
			"quantity" : 2
		},
		{
			"level" : [0, 1, 2, 3, 4],
			"type" : "SMITH",
			"loot" : [
				{"data" : {"type" : "specialty", "equipment": "sword", "quality" : "iron", "level" : 1}, "weight" : 1}
			],
			"each" : true,
			"quantity" : 1
		},
		{
			"level" : [0, 1, 2, 3, 4],
			"type" : "STARTER",
			"loot" : [
				{"data" : {"type" : "mixture", "name" : "coffee"}, "weight" : 1}
			],
			"each" : true,
			"quantity" : 1
		},
		{
			"level" : [0, 1, 2, 3, 4],
			"type" : "STARTER",
			"loot" : [
				{"data" : {"type" : "specialty", "equipment" : "legs", "quality" : "wood", "level" : 1}, "weight" : 1}
			],
			"each" : true,
			"quantity" : 2
		},
		{
			"level" : [0, 1, 2, 3, 4],
			"type" : "STARTER",
			"loot" : [
				{"data" : {"type" : "tool", "level" : 1}, "weight" : 1}
			],
			"each" : true,
			"quantity" : 2
		},
		{
			"level" : [0, 1, 2, 3, 4],
			"type" : "STARTER",
			"loot" : [
				{"data" : {"type" : "weapon", "level" : 1}, "weight" : 1}
			],
			"each" : true,
			"quantity" : 2
		},
		{
			"level" : [0, 1, 2, 3, 4],
			"type" : "STARTER",
			"loot" : [
				{"data" : {"name" : "minecraft:stick", "nbt" : "{display:{Name:\"Twig\",Lore:[\"A little twiggy\"]}}"}, "weight" : 1}
			],
			"each" : true,
			"quantity" : 1
		},
		{
			"level" : [0, 1, 2, 3, 4],
			"type" : "BLOCKS",
			"loot" : [
				{"data" : {"name" : "minecraft:cobblestone", "min" : 20, "max" : 40}, "weight" : 1}
			],
			"each" : true,
			"quantity" : 1
		},
		{
			"level" : [0, 1, 2, 3, 4],
			"type" : "BREWING",
			"loot" : [
				{"data" : {"name" : "minecraft:blaze_powder"}, "weight" : 1},
				{"data" : {"name" : "minecraft:fermented_spider_eye"}, "weight" : 1},
				{"data" : {"name" : "minecraft:spider_eye"}, "weight" : 1},
				{"data" : {"name" : "minecraft:magma_cream"}, "weight" : 1},
				{"data" : {"name" : "minecraft:speckled_melon"}, "weight" : 1},
				{"data" : {"name" : "minecraft:ghast_tear"}, "weight" : 1}
			],
			"each" : true,
			"quantity" : 8
		},
		{
			"level" : [0, 1, 2, 3, 4],
			"type" : "BREWING",
			"loot" : [
				{"data" : {"name" : "minecraft:glass_bottle", "min" : 2, "max" : 7}, "weight" : 1}
			],
			"each" : true,
			"quantity" : 2
		},
		{
			"level" : [0, 1, 2, 3, 4],
			"type" : "ENCHANTING",
			"loot" : [
				{"data" : {"name" : "minecraft:experience_bottle", "min" : 5, "max" : 15}, "weight" : 2},
				{"data" : {"name" : "minecraft:book", "min" : 1, "max" : 3}, "weight" : 1}
			],
			"each" : true,
			"quantity" : 1
		},
		{
			"level" : [0, 1, 2, 3, 4],
			"type" : "WEAPONS",
			"loot" : [
				{"data" : {"type" : "potion", "name" : "strong_strength"}, "weight" : 1}
			],
			"each" : true,
			"quantity" : 1
		},
		{
			"level" : [0, 1, 2, 3, 4],
			"type" : "ARMOUR",
			"loot" : [
				{"data" : {"type" : "potion", "name" : "long_regeneration"}, "weight" : 1}
			],
			"each" : true,
			"quantity" : 1
		},
		{
			"level" : [0, 1, 2, 3, 4],
			"loot" : [
				{"data" : {"name" : "minecraft:stick"}, "weight" : 2},
				{"data" : {"name" : "minecraft:slime_ball"}, "weight" : 1},
				{"data" : {"name" : "minecraft:clay_ball"}, "weight" : 1},
				{"data" : {"name" : "minecraft:bone"}, "weight" : 1},
				{"data" : {"name" : "minecraft:string"}, "weight" : 1},
				{"data" : {"name" : "minecraft:snowball"}, "weight" : 1},
				{"data" : {"name" : "minecraft:feather"}, "weight" : 1},
				{"data" : {"name" : "minecraft:torch", "min" : 1, "max" : 6}, "weight" : 3}
			],
			"each" : true,
			"quantity" : 4
		}
	]
}
