{
	"name" : "demo:loot2",
	"loot_rules" : [
		{
			"level" : 2,
			"type" : "TOOLS",
			"loot" : [
				{"data" : {"type" : "tool", "level" : 2}, "weight" : 1}
			],
			"each" : true,
			"quantity" : 1
		},
		{
			"level" : 2,
			"type" : "WEAPONS",
			"loot" : [
				{"data" : {"type" : "weapon", "level" : 2}, "weight" : 1}
			],
			"each" : true,
			"quantity" : 1
		},
		{
			"level" : 2,
			"type" : "ARMOUR",
			"loot" : [
				{"data" : {"type" : "armour", "level" : 2}, "weight" : 1}
			],
			"each" : true,
			"quantity" : 1
		},
		{
			"level" : 2,
			"type" : "ORE",
			"loot" : [
				{"data" : {"name" : "minecraft:iron_ingot"}, "weight" : 3},
				{"data" : {"name" : "minecraft:iron_nugget", "min" : 1, "max" : 4}, "weight" : 2},
				{"data" : {"name" : "minecraft:coal", "min" : 3, "max" : 7}, "weight" : 1}
			],
			"each" : true,
			"quantity" : 5
		},
		{
			"level" : 2,
			"loot" : [
				{"data" : {"type" : "enchanted_book", "ench" : 15}, "weight" : 1}
			],
			"each" : false,
			"quantity" : 8
		},
		{
			"level" : 2,
			"loot" : [
				{"data" : {"type" : "specialty", "level" : 2}, "weight" : 1}
			],
			"each" : false,
			"quantity" : 4
		}

	]
}