{
	"name" : "demo:theme",
	"themes" : [
		{
			"level" : 0,
			"primary" : {
				"walls" : {
					"type" : "WEIGHTED",
					"data" : [
						{"type" : "METABLOCK", "data" : {"name" : "stonebrick"}, "weight" : 3},
						{"type" : "METABLOCK", "data" : {"name" : "stonebrick", "meta" : 1}, "weight" : 1},
						{"type" : "METABLOCK", "data" : {"name" : "stonebrick", "meta" : 2}, "weight" : 2}
					]
				},
				"pillar" : {"type" : "METABLOCK", "data" : {"name" : "STONE", "meta" : 6}}
			},
			"secondary" : {
				"walls" : {"type" : "METABLOCK", "data" : {"name" : "planks"}},
				"pillar" : {"type" : "METABLOCK", "data" : {"name" : "log"}},
				"stair" : {"type" : "METABLOCK", "data" : {"name" : "oak_stairs"}}
			}
		},
		{
			"level" : 1,
			"primary" : {
				"walls" : {
					"type" : "WEIGHTED",
					"data" : [
						{"type" : "METABLOCK", "data" : {"name" : "stonebrick"}, "weight" : 10},
						{"type" : "METABLOCK", "data" : {"name" : "gravel"}, "weight" : 1},
						{"type" : "METABLOCK", "data" : {"name" : "cobblestone"}, "weight" : 2},
						{"type" : "METABLOCK", "data" : {"name" : "stonebrick", "meta" : 1}, "weight" : 3},
						{"type" : "METABLOCK", "data" : {"name" : "stonebrick", "meta" : 2}, "weight" : 4}
					]
				},
				"pillar" : {"type" : "METABLOCK", "data" : {"name" : "STONE", "meta" : 6}}
			},
			"secondary" : {
				"walls" : {"type" : "METABLOCK", "data" : {"name" : "planks", "meta" : 1}},
				"pillar" : {"type" : "METABLOCK", "data" : {"name" : "log", "meta" : 1}},
				"stair" : {"type" : "METABLOCK", "data" : {"name" : "spruce_stairs"}}
			}
		},
		{
			"level" : 2,
			"primary" : {
				"walls" : {
					"type" : "WEIGHTED",
					"data" : [
						{"type" : "METABLOCK", "data" : {"name" : "stonebrick"}, "weight" : 6},
						{"type" : "METABLOCK", "data" : {"name" : "gravel"}, "weight" : 2},
						{"type" : "METABLOCK", "data" : {"name" : "stonebrick", "meta" : 1}, "weight" : 4},
						{"type" : "METABLOCK", "data" : {"name" : "stonebrick", "meta" : 2}, "weight" : 2}
					]
				},
				"pillar" : {"type" : "METABLOCK", "data" : {"name" : "stone", "meta" : 6}},
				"door" : {"name" : "iron_door"}
			}
		},
		{
			"level" : 3,
			"primary" : {
				"walls" : {
					"type" : "WEIGHTED",
					"data" : [
						{"type" : "METABLOCK", "data" : {"name" : "gravel"}, "weight" : 2},
						{"type" : "METABLOCK", "data" : {"name" : "monster_egg", "meta" : 1}, "weight" : 1},
						{"type" : "METABLOCK", "data" : {"name" : "monster_egg", "meta" : 3}, "weight" : 1},
						{"type" : "METABLOCK", "data" : {"name" : "stonebrick", "meta" : 1}, "weight" : 1},
						{"type" : "METABLOCK", "data" : {"name" : "stonebrick", "meta" : 2}, "weight" : 1},
						{"type" : "METABLOCK", "data" : {"name" : "cobblestone"}, "weight" : 5},
						{"type" : "METABLOCK", "data" : {"name" : "mossy_cobblestone"}, "weight" : 4}
					]
				},
				"stair" : {"type" : "METABLOCK", "data" : {"name" : "stone_stairs"}},
				"door" : {"name" : "iron_door"}
			}
		},
		{
			"level" : 4,
			"primary" : {
				"walls" : {
					"type" : "WEIGHTED",
					"data" : [
						{"type" : "METABLOCK", "data" : {"name" : "nether_brick"}, "weight" : 30},
						{"type" : "METABLOCK", "data" : {"name" : "netherrack"}, "weight" : 3},
						{"type" : "METABLOCK", "data" : {"name" : "quartz_ore"}, "weight" : 1},
						{"type" : "METABLOCK", "data" : {"name" : "coal_block"}, "weight" : 1}
					]
				},
				"stair" : {"type" : "METABLOCK", "data" : {"name" : "nether_brick_stairs"}},
				"pillar" : {"type" : "METABLOCK", "data" : {"name" : "obsidian"}}
			},
			"secondary" : {
				"walls" : {
					"type" : "WEIGHTED",
					"data" : [
						{"type" : "METABLOCK", "data" : {"name" : "nether_brick"}, "weight" : 1}
					]
				},
				"stair" : {"type" : "METABLOCK", "data" : {"name" : "nether_brick_stairs"}},
				"pillar" : {"type" : "METABLOCK", "data" : {"name" : "magma"}}
			}
		}
	]
}