{
  "OreList": [
    {
      "Name" : "Copper",
      "Color": "0xF0763A",
      "Hardness":"2",
      "Harvestlevel":"1",
      "genIngots": true,
      "Generation":{
        "MinY": 30,
        "MaxY": 72,
        "SpawnChance": 60,
        "VeinSize": 8
      }
    },
    {
      "Name" : "Lead",
      "Color": "0x9898BE",
      "Hardness":"4",
      "Harvestlevel":"1",
      "genIngots": true,
      "Generation":{
        "MinY": 8,
        "MaxY": 36,
        "SpawnChance": 40,
        "VeinSize": 3
      }
    },
    {
      "Name" : "Uranium",
      "Color": "0x53CF3F",
      "Hardness":"3",
      "Harvestlevel":"2",
      "genIngots": false,
      "Generation":{
        "MinY": 4,
        "MaxY": 24,
        "SpawnChance": 10,
        "VeinSize": 4
      }
    },
    {
      "Name" : "Silver",
      "Color": "0xD2F7FF",
      "Hardness":"2",
      "Harvestlevel":"1",
      "genIngots": true,
      "Generation":{
        "MinY": 8,
        "MaxY": 40,
        "SpawnChance": 10,
        "VeinSize": 4
      }
    },
    {
      "Name" : "Iron",
      "Color": "0xFFB888",
      "Hardness":"3",
      "Harvestlevel":"2",
      "genIngots": true,
      "Generation":{
        "MinY": 1,
        "MaxY": 68,
        "SpawnChance": 60,
        "VeinSize": 6
      }
    },
    {
      "Name" : "Tin",
      "Color": "0x9AFEFF",
      "Hardness":"2",
      "Harvestlevel":"1",
      "genIngots": true,
      "genBuckets": true,
      "Generation":{
        "MinY": 1,
        "MaxY": 40,
        "SpawnChance": 30,
        "VeinSize": 4
      }
    }
  ],
  "GemList":[
  ]
}
